,id,name,pos,evenTimeOnIce,evenPoints
0,8471233.0,Travis Zajac,C,942:36,21.0
1,8474056.0,P.K. Subban,D,1232:41,12.0
2,8475151.0,Kyle Palmieri,R,891:54,27.0
3,8476368.0,Fredrik Claesson,D,68:22,2.0
4,8476923.0,Damon Severson,D,1277:50,21.0
5,8476941.0,Connor Carrick,D,402:01,6.0
6,8477038.0,Nikita Gusev,L,805:25,29.0
7,8477355.0,Will Butcher,D,918:16,20.0
8,8477401.0,John Hayden,C,406:41,4.0
9,8477425.0,Miles Wood,L,841:58,23.0
10,8477509.0,Mirco Mueller,D,772:26,6.0
11,8477541.0,Dakota Mermis,D,171:52,4.0
12,8478401.0,Pavel Zacha,C,818:37,20.0
13,8479291.0,Kevin Rooney,C,470:43,6.0
14,8479315.0,Joey Anderson,R,201:18,6.0
15,8479407.0,Jesper Bratt,L,716:17,26.0
16,8479415.0,Michael McLeod,C,120:51,2.0
17,8480002.0,Nico Hischier,C,838:15,24.0
18,8481559.0,Jack Hughes,C,772:59,12.0
19,8470187.0,Johnny Boychuk,D,968:51,10.0
20,8471217.0,Andrew Ladd,L,46:49,1.0
21,8472382.0,Andy Greene,D,1027:43,11.0
22,8473463.0,Leo Komarov,R,536:37,13.0
23,8473504.0,Cal Clutterbuck,R,412:37,5.0
24,8473544.0,Derick Brassard,C,787:41,22.0
25,8474573.0,Josh Bailey,R,929:08,33.0
26,8474586.0,Jordan Eberle,R,882:00,29.0
27,8474709.0,Matt Martin,L,558:19,8.0
28,8475181.0,Nick Leddy,D,1146:57,17.0
29,8475231.0,Casey Cizikas,C,571:52,9.0
30,8475314.0,Anders Lee,L,1087:49,36.0
31,8475754.0,Brock Nelson,C,1037:12,47.0
32,8475832.0,Tom Kuhnhackl,R,279:15,5.0
33,8476419.0,Jean-Gabriel Pageau,C,1013:04,26.0
34,8476429.0,Scott Mayfield,D,1165:06,11.0
35,8476917.0,Adam Pelech,D,695:01,7.0
36,8477506.0,Ryan Pulock,D,1302:12,27.0
37,8477527.0,Ross Johnston,L,255:30,4.0
38,8477936.0,Michael Dal Colle,L,610:18,10.0
39,8478038.0,Devon Toews,D,1236:53,22.0
40,8478445.0,Mathew Barzal,C,1183:08,48.0
41,8478463.0,Anthony Beauvillier,L,1009:02,31.0
42,8479526.0,Otto Koivula,L,93:44,0.0
43,8480865.0,Noah Dobson,D,419:01,6.0
44,8474230.0,Micheal Haley,C,121:07,1.0
45,8471686.0,Marc Staal,D,772:35,11.0
46,8474090.0,Brendan Smith,D,557:05,6.0
47,8475184.0,Chris Kreider,L,866:17,32.0
48,8475735.0,Greg McKegg,C,455:59,7.0
49,8475855.0,Jesper Fast,R,976:03,27.0
50,8476396.0,Steven Fogarty,C,40:01,0.0
51,8476458.0,Ryan Strome,C,1007:34,41.0
52,8476459.0,Mika Zibanejad,C,874:11,43.0
53,8476858.0,Phillip Di Giuseppe,L,223:59,4.0
54,8476885.0,Jacob Trouba,D,1279:20,17.0
55,8477402.0,Pavel Buchnevich,R,993:44,37.0
56,8477950.0,Tony DeAngelo,D,1098:55,34.0
57,8477962.0,Brendan Lemieux,L,644:42,11.0
58,8478550.0,Artemi Panarin,L,1162:43,71.0
59,8479323.0,Adam Fox,D,1175:28,29.0
60,8479324.0,Ryan Lindgren,D,862:45,14.0
61,8479328.0,Julien Gauthier,R,139:29,3.0
62,8479333.0,Libor Hajek,D,419:31,5.0
63,8479353.0,Brett Howden,C,759:03,15.0
64,8479364.0,Tim Gettinger,L,15:35,1.0
65,8480078.0,Filip Chytil,C,811:58,20.0
66,8481554.0,Kaapo Kakko,R,794:09,10.0
67,8477502.0,Samuel Morin,D,12:32,0.0
68,8473485.0,Chris Stewart,R,123:43,1.0
69,8470775.0,Nate Thompson,C,734:49,14.0
70,8471702.0,Matt Niskanen,D,1171:23,19.0
71,8473512.0,Claude Giroux,C,1031:39,31.0
72,8474027.0,Justin Braun,D,948:27,18.0
73,8474037.0,James van Riemsdyk,L,813:13,31.0
74,8474161.0,Jakub Voracek,R,970:42,39.0
75,8474683.0,Derek Grant,C,604:16,18.0
76,8475752.0,Tyler Pitlick,C,689:44,20.0
77,8475763.0,Kevin Hayes,C,971:19,30.0
78,8476404.0,Andy Andreoff,C,119:21,1.0
79,8476461.0,Sean Couturier,C,1037:23,46.0
80,8476872.0,Scott Laughton,C,626:23,27.0
81,8476906.0,Shayne Gostisbehere,D,655:25,7.0
82,8477290.0,Michael Raffl,L,641:06,18.0
83,8477462.0,Robert Hagg,D,708:30,12.0
84,8477948.0,Travis Sanheim,D,1203:24,21.0
85,8477979.0,Nicolas Aube-Kubel,R,370:40,12.0
86,8478017.0,Mark Friedman,D,81:04,1.0
87,8478067.0,Oskar Lindblom,L,416:39,14.0
88,8478439.0,Travis Konecny,R,918:19,38.0
89,8478500.0,Ivan Provorov,D,1314:34,19.0
90,8479026.0,Philippe Myers,D,831:01,16.0
91,8479382.0,Connor Bunnaman,C,193:37,2.0
92,8480028.0,Morgan Frost,C,228:04,6.0
93,8480797.0,Joel Farabee,L,649:10,19.0
94,8475760.0,Nick Bjugstad,C,137:51,2.0
95,8478866.0,Dominik Simon,C,876:36,21.0
96,8466139.0,Patrick Marleau,C,912:57,21.0
97,8471215.0,Evgeni Malkin,C,869:04,50.0
98,8471675.0,Sidney Crosby,C,661:15,30.0
99,8471677.0,Jack Johnson,D,1151:54,10.0
100,8471724.0,Kris Letang,D,1220:38,29.0
101,8471887.0,Patric Hornqvist,R,654:25,25.0
102,8474602.0,Justin Schultz,D,780:37,6.0
103,8475208.0,Brian Dumoulin,D,511:31,6.0
104,8475722.0,Jason Zucker,L,836:49,29.0
105,8475810.0,Bryan Rust,R,843:10,37.0
106,8476927.0,Teddy Blueger,C,918:48,20.0
107,8477244.0,Chad Ruhwedel,D,551:56,6.0
108,8477404.0,Jake Guentzel,L,671:12,33.0
109,8477839.0,Conor Sheary,L,749:46,20.0
110,8477955.0,Jared McCann,C,862:02,29.0
111,8477969.0,Marcus Pettersson,D,1190:31,20.0
112,8478043.0,Sam Lafferty,C,449:04,13.0
113,8478074.0,Anthony Angello,C,45:29,1.0
114,8478507.0,John Marino,D,977:56,22.0
115,8478542.0,Evan Rodrigues,C,452:57,9.0
116,8479293.0,Brandon Tanev,L,848:12,21.0
117,8479944.0,Zach Aston-Reese,C,701:41,12.0
118,8480945.0,Juuso Riikola,D,455:26,5.0
119,8465009.0,Zdeno Chara,D,1209:06,14.0
120,8470638.0,Patrice Bergeron,C,816:58,35.0
121,8471276.0,David Krejci,C,931:41,29.0
122,8473419.0,Brad Marchand,L,992:09,56.0
123,8475186.0,John Moore,D,347:07,3.0
124,8475745.0,Charlie Coyle,C,981:21,30.0
125,8475780.0,Chris Wagner,R,730:31,9.0
126,8475807.0,Joakim Nordstrom,C,486:19,7.0
127,8476374.0,Sean Kuraly,C,803:06,21.0
128,8476792.0,Torey Krug,D,1007:03,21.0
129,8476891.0,Matt Grzelcyk,D,1053:48,13.0
130,8477365.0,Connor Clifton,D,430:22,2.0
131,8477941.0,Nick Ritchie,L,600:24,18.0
132,8477956.0,David Pastrnak,R,1063:23,57.0
133,8478075.0,Anders Bjork,L,701:09,18.0
134,8478131.0,Ondrej Kase,R,778:31,21.0
135,8478443.0,Brandon Carlo,D,1160:09,19.0
136,8478468.0,Jeremy Lauzon,D,259:15,2.0
137,8478485.0,Zach Senyshyn,R,33:43,2.0
138,8478498.0,Jake DeBrusk,L,876:26,25.0
139,8479325.0,Charlie McAvoy,D,1339:47,29.0
140,8479365.0,Trent Frederic,C,12:51,0.0
141,8480001.0,Urho Vaakanainen,D,76:29,0.0
142,8480021.0,Jack Studnicka,C,22:11,1.0
143,8480901.0,Karson Kuhlman,C,294:22,5.0
144,8480944.0,Par Lindholm,C,380:59,6.0
145,8471743.0,Vladimir Sobotka,C,201:30,3.0
146,8479420.0,Tage Thompson,R,06:59,0.0
147,8473449.0,Kyle Okposo,R,627:48,18.0
148,8473564.0,Michael Frolik,R,630:14,11.0
149,8474190.0,Wayne Simmonds,R,838:13,16.0
150,8475149.0,Marcus Johansson,L,861:33,24.0
151,8475728.0,Johan Larsson,C,794:14,18.0
152,8475784.0,Jeff Skinner,L,826:21,20.0
153,8476525.0,Colin Miller,D,788:52,8.0
154,8476878.0,Zemgus Girgensons,C,801:38,18.0
155,8476918.0,Jimmy Vesey,L,798:16,18.0
156,8476931.0,Jake McCabe,D,1069:29,12.0
157,8477499.0,Rasmus Ristolainen,D,1257:10,23.0
158,8477508.0,Curtis Lazar,C,381:20,9.0
159,8477933.0,Sam Reinhart,C,1181:00,38.0
160,8477986.0,Brandon Montour,D,955:05,16.0
161,8478109.0,Victor Olofsson,L,806:24,25.0
162,8478403.0,Jack Eichel,C,1220:10,50.0
163,8480035.0,Henri Jokiharju,D,1099:47,13.0
164,8480839.0,Rasmus Dahlin,D,934:32,21.0
165,8480935.0,Lawrence Pilut,D,191:01,0.0
166,8480946.0,Dominik Kahun,C,684:30,29.0
167,8470642.0,Shea Weber,D,1209:39,28.0
168,8473507.0,Jeff Petry,D,1360:02,27.0
169,8474038.0,Paul Byron,L,357:43,9.0
170,8474668.0,Dale Weise,R,204:38,5.0
171,8475193.0,Tomas Tatar,L,957:27,47.0
172,8475279.0,Ben Chiarot,D,1367:13,21.0
173,8475738.0,Jordan Weal,C,570:15,10.0
174,8475848.0,Brendan Gallagher,R,875:09,38.0
175,8476443.0,Xavier Ouellet,D,155:25,2.0
176,8476469.0,Joel Armia,R,788:32,22.0
177,8476479.0,Phillip Danault,C,1048:41,43.0
178,8476948.0,Charles Hudon,L,157:14,2.0
179,8476967.0,Brett Kulak,D,944:41,7.0
180,8477467.0,Gustav Olofsson,D,24:19,0.0
181,8477476.0,Artturi Lehkonen,L,898:07,26.0
182,8477494.0,Jonathan Drouin,L,358:35,11.0
183,8477503.0,Max Domi,C,1047:41,33.0
184,8477850.0,Christian Folin,D,221:55,2.0
185,8478133.0,Jake Evans,C,120:52,3.0
186,8479376.0,Victor Mete,D,780:36,10.0
187,8479985.0,Cale Fleury,D,556:16,1.0
188,8480018.0,Nick Suzuki,C,960:02,27.0
189,8480068.0,Ryan Poehling,C,256:23,2.0
190,8480829.0,Jesperi Kotkaniemi,C,405:31,6.0
191,8468493.0,Ron Hainsey,D,1099:41,9.0
192,8471676.0,Bobby Ryan,R,264:45,8.0
193,8473573.0,Artem Anisimov,C,590:00,14.0
194,8474571.0,Mikkel Boedker,L,168:51,3.0
195,8474697.0,Mark Borowiecki,D,822:20,17.0
196,8476285.0,Matthew Peca,C,137:44,2.0
197,8476422.0,Mike Reilly,D,706:38,6.0
198,8476919.0,Chris Tierney,C,988:37,30.0
199,8477015.0,Connor Brown,R,1124:38,37.0
200,8477149.0,Scott Sabourin,R,245:25,6.0
201,8477407.0,Anthony Duclair,L,841:50,30.0
202,8477426.0,Nick Paul,L,755:25,19.0
203,8477963.0,Jayce Hawryluk,R,284:13,10.0
204,8477971.0,Andreas Englund,D,234:55,3.0
205,8478400.0,Colin White,C,824:05,19.0
206,8478469.0,Thomas Chabot,D,1597:41,28.0
207,8478846.0,Christian Wolanin,D,49:10,0.0
208,8478870.0,Rudolfs Balcers,L,156:45,3.0
209,8479458.0,Nikita Zaitsev,D,1103:07,12.0
210,8480801.0,Brady Tkachuk,L,1133:12,36.0
211,8469455.0,Jason Spezza,C,557:06,18.0
212,8474162.0,Jake Muzzin,D,996:40,22.0
213,8475160.0,Kyle Clifford,L,756:47,17.0
214,8475166.0,John Tavares,C,1040:53,39.0
215,8475197.0,Tyson Barrie,D,1342:16,27.0
216,8475716.0,Martin Marincin,D,351:18,4.0
217,8475718.0,Justin Holl,D,1121:16,18.0
218,8475786.0,Zach Hyman,L,822:33,30.0
219,8476853.0,Morgan Rielly,D,934:13,20.0
220,8476879.0,Cody Ceci,D,987:07,8.0
221,8477021.0,Alexander Kerfoot,C,860:52,25.0
222,8477341.0,Andreas Johnsson,L,581:07,16.0
223,8477464.0,Nic Petan,C,164:56,3.0
224,8477512.0,Frederik Gauthier,C,513:20,12.0
225,8477939.0,William Nylander,R,1041:07,42.0
226,8477953.0,Kasperi Kapanen,R,888:55,31.0
227,8478115.0,Pierre Engvall,L,510:11,13.0
228,8478408.0,Travis Dermott,D,902:11,11.0
229,8478483.0,Mitchell Marner,R,951:51,42.0
230,8478843.0,Denis Malgin,C,479:29,10.0
231,8479318.0,Auston Matthews,C,1241:39,55.0
232,8480157.0,Calle Rosen,D,155:25,3.0
233,8480873.0,Rasmus Sandin,D,372:37,6.0
234,8481624.0,Ilya Mikheyev,R,529:22,22.0
235,8477488.0,Brett Pesce,D,1118:07,16.0
236,8468508.0,Justin Williams,R,221:44,8.0
237,8473533.0,Jordan Staal,C,952:10,24.0
238,8474581.0,Jake Gardiner,D,1008:13,13.0
239,8475222.0,Sami Vatanen,D,786:50,12.0
240,8475799.0,Nino Niederreiter,R,865:03,18.0
241,8476288.0,Ryan Dzingel,C,763:12,20.0
242,8476389.0,Vincent Trocheck,C,882:29,30.0
243,8476441.0,Joel Edmundson,D,1062:28,20.0
244,8476462.0,Dougie Hamilton,D,836:20,27.0
245,8476869.0,Brady Skjei,D,1207:23,22.0
246,8476882.0,Teuvo Teravainen,L,980:03,38.0
247,8476921.0,Jordan Martinook,L,448:12,11.0
248,8476934.0,Brock McGinn,L,730:02,15.0
249,8476958.0,Jaccob Slavin,D,1318:28,32.0
250,8477845.0,Trevor van Riemsdyk,D,666:32,8.0
251,8477938.0,Haydn Fleury,D,579:35,13.0
252,8477998.0,Warren Foegele,L,854:32,27.0
253,8478056.0,Clark Bishop,C,37:14,1.0
254,8478427.0,Sebastian Aho,C,1004:24,44.0
255,8479987.0,Morgan Geekie,C,18:40,4.0
256,8480039.0,Martin Necas,C,789:30,27.0
257,8480830.0,Andrei Svechnikov,R,936:00,41.0
258,8480185.0,Eetu Luostarinen,C,79:43,1.0
259,8470619.0,Brian Boyle,C,427:58,14.0
260,8471735.0,Keith Yandle,D,1099:31,24.0
261,8471873.0,Anton Stralman,D,1275:40,18.0
262,8474098.0,Colton Sceviour,C,740:03,16.0
263,8474149.0,Evgenii Dadonov,R,948:59,30.0
264,8474884.0,Mike Hoffman,L,907:47,38.0
265,8475287.0,Erik Haula,L,612:35,16.0
266,8475792.0,Brett Connolly,R,909:23,27.0
267,8475796.0,Mark Pysyk,D,703:35,18.0
268,8476456.0,Jonathan Huberdeau,L,1047:09,49.0
269,8476875.0,Mike Matheson,D,980:02,18.0
270,8476952.0,Dominic Toninato,C,487:41,11.0
271,8477346.0,MacKenzie Weegar,D,815:15,18.0
272,8477384.0,Josh Brown,D,727:22,8.0
273,8477493.0,Aleksander Barkov,C,1023:46,41.0
274,8477932.0,Aaron Ekblad,D,1306:29,34.0
275,8478027.0,Lucas Wallmark,C,713:06,18.0
276,8478211.0,Dryden Hunt,L,218:45,4.0
277,8478366.0,Frank Vatrano,C,849:07,30.0
278,8478569.0,Noel Acciari,C,880:50,26.0
279,8478839.0,Aleksi Saarela,C,107:25,3.0
280,8479388.0,Riley Stillman,D,567:50,5.0
281,8470601.0,Braydon Coburn,D,526:04,4.0
282,8473986.0,Alex Killorn,L,891:58,36.0
283,8474031.0,Kevin Shattenkirk,D,1205:10,27.0
284,8474034.0,Pat Maroon,L,695:46,20.0
285,8474151.0,Ryan McDonagh,D,866:11,11.0
286,8474564.0,Steven Stamkos,C,833:21,47.0
287,8474567.0,Zach Bogosian,D,389:27,6.0
288,8474568.0,Luke Schenn,D,269:59,3.0
289,8474870.0,Tyler Johnson,C,811:27,24.0
290,8475167.0,Victor Hedman,D,1228:07,33.0
291,8476292.0,Ondrej Palat,L,967:55,32.0
292,8476399.0,Blake Coleman,C,898:19,25.0
293,8476453.0,Nikita Kucherov,R,1040:25,60.0
294,8476624.0,Barclay Goodrow,C,897:52,23.0
295,8476826.0,Yanni Gourde,C,832:31,21.0
296,8476975.0,Cedric Paquette,C,678:17,16.0
297,8477409.0,Carter Verhaeghe,C,472:46,12.0
298,8478010.0,Brayden Point,C,1027:30,51.0
299,8478416.0,Erik Cernak,D,1063:32,12.0
300,8478472.0,Mathieu Joseph,R,394:34,6.0
301,8478477.0,Mitchell Stephens,C,366:54,6.0
302,8478519.0,Anthony Cirelli,C,999:01,37.0
303,8479410.0,Mikhail Sergachev,D,1213:10,20.0
304,8480172.0,Jan Rutta,D,457:34,7.0
305,8469454.0,Ilya Kovalchuk,L,666:24,21.0
306,8471214.0,Alex Ovechkin,L,1071:27,49.0
307,8471698.0,T.J. Oshie,R,1004:58,37.0
308,8473563.0,Nicklas Backstrom,C,917:50,36.0
309,8474176.0,Carl Hagelin,L,660:12,22.0
310,8474189.0,Lars Eller,C,886:27,31.0
311,8474590.0,John Carlson,D,1318:55,49.0
312,8475200.0,Dmitry Orlov,D,1371:12,21.0
313,8475209.0,Richard Panik,R,621:02,22.0
314,8475324.0,Nick Jensen,D,1047:36,7.0
315,8475343.0,Nic Dowd,C,466:21,12.0
316,8475455.0,Brenden Dillon,D,1193:51,13.0
317,8475462.0,Radko Gudas,D,878:21,15.0
318,8475744.0,Evgeny Kuznetsov,C,921:50,40.0
319,8476329.0,Travis Boyd,C,254:11,9.0
320,8476880.0,Tom Wilson,R,978:43,35.0
321,8477343.0,Tyler Lewington,D,58:37,0.0
322,8477903.0,Garnet Hathaway,R,622:48,15.0
323,8477944.0,Jakub Vrana,L,891:29,40.0
324,8478399.0,Jonas Siegenthaler,D,802:16,9.0
325,8478466.0,Daniel Sprong,R,99:25,1.0
326,8479359.0,Beck Malenstyn,L,23:03,0.0
327,8479482.0,Michal Kempny,D,985:33,18.0
328,8480796.0,Martin Fehervary,D,90:49,1.0
329,8470607.0,Brent Seabrook,D,508:56,3.0
330,8476381.0,Andrew Shaw,R,313:35,8.0
331,8470281.0,Duncan Keith,D,1181:29,16.0
332,8473604.0,Jonathan Toews,C,1017:58,51.0
333,8474141.0,Patrick Kane,R,1232:01,61.0
334,8475177.0,Calvin de Haan,D,496:24,6.0
335,8476372.0,Nick Seeler,D,134:59,1.0
336,8476438.0,Brandon Saad,L,798:11,30.0
337,8476473.0,Connor Murphy,D,1068:49,18.0
338,8476874.0,Olli Maatta,D,1058:36,15.0
339,8476886.0,Slater Koekkoek,D,646:51,10.0
340,8477330.0,Dominik Kubalik,L,843:14,38.0
341,8477846.0,Ryan Carpenter,C,788:34,12.0
342,8477961.0,John Quenneville,C,92:31,0.0
343,8478106.0,Dylan Sikura,R,89:05,3.0
344,8478146.0,Matthew Highmore,C,338:16,6.0
345,8478440.0,Dylan Strome,C,772:01,30.0
346,8479337.0,Alex DeBrincat,L,980:21,29.0
347,8479423.0,Alex Nylander,L,713:03,24.0
348,8479465.0,Drake Caggiula,C,442:04,13.0
349,8479523.0,Lucas Carlsson,D,81:31,1.0
350,8479542.0,Brandon Hagel,L,11:48,0.0
351,8480144.0,David Kampf,C,802:09,15.0
352,8480814.0,Nicolas Beaudin,D,17:01,0.0
353,8480871.0,Adam Boqvist,D,575:27,11.0
354,8481523.0,Kirby Dach,C,810:19,20.0
355,8477215.0,Danny DeKeyser,D,148:17,4.0
356,8479395.0,Dennis Cholowski,D,589:35,3.0
357,8480184.0,Gustav Lindstrom,D,231:26,0.0
358,8470047.0,Valtteri Filppula,C,911:53,15.0
359,8470110.0,Trevor Daley,D,613:11,5.0
360,8470144.0,Frans Nielsen,C,653:51,5.0
361,8470318.0,Jonathan Ericsson,D,228:34,0.0
362,8471716.0,Justin Abdelkader,L,484:20,3.0
363,8471794.0,Darren Helm,L,819:16,14.0
364,8473415.0,Alex Biega,D,719:48,3.0
365,8474040.0,Sam Gagner,C,517:29,10.0
366,8474597.0,Cody Goloubef,D,354:44,2.0
367,8475747.0,Patrik Nemeth,D,1184:26,8.0
368,8476822.0,Luke Glendening,C,741:33,8.0
369,8477454.0,Adam Erne,L,610:26,5.0
370,8477474.0,Madison Bowey,D,840:53,16.0
371,8477479.0,Tyler Bertuzzi,L,1135:51,34.0
372,8477511.0,Anthony Mantha,R,680:24,29.0
373,8477943.0,Brendan Perlini,L,378:57,4.0
374,8477946.0,Dylan Larkin,C,1226:22,39.0
375,8477952.0,Robby Fabbri,C,829:13,23.0
376,8478036.0,Christoffer Ehn,C,493:43,4.0
377,8478857.0,Dmytro Timashov,L,371:38,9.0
378,8479425.0,Filip Hronek,D,1178:14,21.0
379,8469465.0,Dan Hamhuis,D,727:22,8.0
380,8473560.0,Korbinian Holzer,D,700:55,3.0
381,8474009.0,Nick Bonino,C,835:43,34.0
382,8474068.0,Kyle Turris,C,773:20,21.0
383,8474134.0,Yannick Weber,D,561:44,3.0
384,8474600.0,Roman Josi,D,1414:05,42.0
385,8475168.0,Matt Duchene,C,937:57,31.0
386,8475176.0,Ryan Ellis,D,927:50,29.0
387,8475218.0,Mattias Ekholm,D,1306:49,26.0
388,8475225.0,Craig Smith,R,767:14,24.0
389,8475714.0,Calle Jarnkrok,C,803:48,23.0
390,8475766.0,Austin Watson,L,555:21,12.0
391,8475793.0,Ryan Johansen,C,915:58,26.0
392,8475797.0,Jarred Tinordi,D,423:55,4.0
393,8475798.0,Mikael Granlund,C,918:14,23.0
394,8476278.0,Colin Blackwell,C,293:22,10.0
395,8476428.0,Rocco Grimaldi,R,825:05,31.0
396,8476887.0,Filip Forsberg,L,887:56,34.0
397,8476925.0,Colton Sissons,C,670:38,14.0
398,8477901.0,Daniel Carr,L,111:32,1.0
399,8478042.0,Viktor Arvidsson,R,749:35,20.0
400,8478508.0,Yakov Trenin,C,203:59,6.0
401,8478851.0,Alexandre Carrier,D,32:20,0.0
402,8479371.0,Dante Fabbro,D,1162:55,10.0
403,8470151.0,Jay Bouwmeester,D,1058:32,8.0
404,8470257.0,Alexander Steen,L,629:44,16.0
405,8471426.0,Troy Brouwer,R,121:23,1.0
406,8474102.0,David Perron,L,1086:34,33.0
407,8474125.0,Carl Gunnarsson,D,499:37,6.0
408,8474145.0,Robert Bortuzzo,D,446:15,6.0
409,8474565.0,Alex Pietrangelo,D,1347:28,29.0
410,8474618.0,Marco Scandella,D,962:55,13.0
411,8475098.0,Tyler Bozak,C,825:30,24.0
412,8475158.0,Ryan O'Reilly,C,1103:07,42.0
413,8475170.0,Brayden Schenn,C,1091:50,37.0
414,8475753.0,Justin Faulk,D,1268:33,12.0
415,8475765.0,Vladimir Tarasenko,R,137:16,7.0
416,8475768.0,Jaden Schwartz,L,1076:09,37.0
417,8476884.0,Derrick Pouliot,D,16:40,0.0
418,8476892.0,Colton Parayko,D,1298:02,22.0
419,8476897.0,Oskar Sundqvist,C,715:04,21.0
420,8476907.0,Mackenzie MacEachern,L,452:35,10.0
421,8477455.0,Jacob de la Rose,L,476:16,9.0
422,8477482.0,Zach Sanford,L,730:45,29.0
423,8477964.0,Ivan Barbashev,C,810:25,23.0
424,8478013.0,Jake Walman,D,11:04,0.0
425,8478040.0,Austin Poganski,R,05:54,0.0
426,8478104.0,Sammy Blais,L,472:32,13.0
427,8478407.0,Vince Dunn,D,1044:50,13.0
428,8478859.0,Niko Mikkola,D,67:17,1.0
429,8479385.0,Jordan Kyrou,C,295:30,8.0
430,8480011.0,Klim Kostin,C,34:09,1.0
431,8480023.0,Robert Thomas,C,866:13,35.0
432,8474612.0,Travis Hamonic,D,900:20,12.0
433,8470966.0,Mark Giordano,D,1108:44,18.0
434,8473473.0,Milan Lucic,L,802:07,12.0
435,8474150.0,Mikael Backlund,C,1046:27,32.0
436,8474628.0,Michael Stone,D,498:39,7.0
437,8474673.0,TJ Brodie,D,1163:37,18.0
438,8474736.0,Zac Rinaldo,C,156:55,5.0
439,8475762.0,Derek Forbort,D,326:23,1.0
440,8476346.0,Johnny Gaudreau,L,1111:34,40.0
441,8476356.0,Tobias Rieder,C,519:42,8.0
442,8476409.0,Alan Quine,C,88:05,1.0
443,8476873.0,Mark Jankowski,C,500:21,7.0
444,8476979.0,Erik Gustafsson,D,1155:45,20.0
445,8477210.0,Buddy Robinson,R,58:36,1.0
446,8477496.0,Elias Lindholm,C,1035:48,35.0
447,8477497.0,Sean Monahan,C,1064:33,32.0
448,8477935.0,Sam Bennett,C,609:04,11.0
449,8478233.0,Andrew Mangiapane,L,895:36,31.0
450,8478396.0,Noah Hanifin,D,1274:47,17.0
451,8478397.0,Rasmus Andersson,D,1241:26,18.0
452,8478430.0,Oliver Kylington,D,654:36,7.0
453,8478512.0,Austin Czarnik,C,71:45,2.0
454,8478585.0,Derek Ryan,C,819:33,23.0
455,8479314.0,Matthew Tkachuk,L,1067:24,42.0
456,8479346.0,Dillon Dube,C,539:05,14.0
457,8481630.0,Alexander Yelesin,D,49:58,0.0
458,8474569.0,Colin Wilson,C,98:25,4.0
459,8473446.0,Erik Johnson,D,1041:47,16.0
460,8474013.0,Ian Cole,D,993:33,26.0
461,8474685.0,Matt Calvert,L,593:39,21.0
462,8474717.0,Mark Barberio,D,272:09,2.0
463,8475172.0,Nazem Kadri,C,689:18,25.0
464,8475246.0,Kevin Connauton,D,56:46,0.0
465,8475820.0,Joonas Donskoi,R,882:28,28.0
466,8476391.0,T.J. Tynan,C,127:04,1.0
467,8476442.0,Matt Nieto,L,778:28,19.0
468,8476455.0,Gabriel Landeskog,L,874:08,29.0
469,8476480.0,Vladislav Namestnikov,C,765:59,21.0
470,8477435.0,Ryan Graves,D,1109:46,24.0
471,8477444.0,Andre Burakovsky,L,743:11,34.0
472,8477456.0,J.T. Compher,L,833:21,23.0
473,8477492.0,Nathan MacKinnon,C,1174:57,62.0
474,8477501.0,Valeri Nichushkin,R,775:38,25.0
475,8477507.0,Nikita Zadorov,D,1024:17,13.0
476,8477930.0,Pierre-Edouard Bellemare,C,777:16,18.0
477,8478073.0,Anton Lindholm,D,45:37,1.0
478,8478420.0,Mikko Rantanen,R,648:17,27.0
479,8479370.0,Tyson Jost,C,723:29,18.0
480,8479398.0,Samuel Girard,D,1316:44,21.0
481,8479982.0,Conor Timmins,D,19:32,0.0
482,8480069.0,Cale Makar,D,979:27,31.0
483,8480326.0,Sheldon Dries,C,34:19,0.0
484,8481186.0,Logan O'Connor,R,128:51,2.0
485,8471707.0,James Neal,L,736:48,14.0
486,8471729.0,Kris Russell,D,794:42,8.0
487,8474589.0,Tyler Ennis,C,877:32,27.0
488,8475163.0,Alex Chiasson,R,708:38,11.0
489,8475178.0,Zack Kassian,R,898:31,34.0
490,8475772.0,Riley Sheahan,C,687:23,13.0
491,8476326.0,Josh Archibald,R,675:20,18.0
492,8476454.0,Ryan Nugent-Hopkins,C,975:40,37.0
493,8476457.0,Adam Larsson,D,891:45,6.0
494,8476472.0,Oscar Klefbom,D,1196:06,16.0
495,8476915.0,Jujhar Khaira,L,693:46,10.0
496,8476960.0,Andreas Athanasiou,L,758:35,19.0
497,8476988.0,Matt Benning,D,541:11,8.0
498,8477498.0,Darnell Nurse,D,1445:27,28.0
499,8477934.0,Leon Draisaitl,C,1270:20,66.0
500,8478021.0,William Lagesson,D,84:27,0.0
501,8478402.0,Connor McDavid,C,1143:56,54.0
502,8478451.0,Ethan Bear,D,1375:10,19.0
503,8478452.0,Caleb Jones,D,601:41,8.0
504,8479347.0,Tyler Benson,L,69:48,1.0
505,8479466.0,Patrick Russell,R,476:38,5.0
506,8479977.0,Kailer Yamamoto,R,444:05,24.0
507,8481638.0,Joakim Nygard,L,335:57,8.0
508,8481813.0,Gaetan Haas,C,538:07,9.0
509,8470626.0,Loui Eriksson,L,532:42,13.0
510,8471303.0,Alexander Edler,D,1082:24,26.0
511,8474091.0,Brandon Sutter,C,511:07,14.0
512,8474291.0,Jay Beagle,C,522:12,6.0
513,8474574.0,Tyler Myers,D,1263:33,13.0
514,8474818.0,Jordie Benn,D,612:11,7.0
515,8474849.0,Antoine Roussel,L,431:17,11.0
516,8475690.0,Christopher Tanev,D,1107:42,18.0
517,8475726.0,Tyler Toffoli,R,936:21,34.0
518,8475907.0,Micheal Ferland,L,124:45,5.0
519,8476344.0,Tyler Graovac,C,44:05,0.0
520,8476468.0,J.T. Miller,C,1078:13,45.0
521,8476871.0,Tanner Pearson,L,956:31,32.0
522,8477353.0,Tyler Motte,C,377:15,8.0
523,8477473.0,Justin Bailey,R,10:39,0.0
524,8477500.0,Bo Horvat,C,1078:03,37.0
525,8477937.0,Jake Virtanen,R,840:32,27.0
526,8478444.0,Brock Boeser,R,822:29,31.0
527,8478874.0,Adam Gaudette,C,641:20,21.0
528,8479442.0,Troy Stecher,D,1017:03,17.0
529,8479772.0,Zack MacEwen,C,162:23,6.0
530,8480012.0,Elias Pettersson,C,994:28,42.0
531,8480147.0,Oscar Fantenberg,D,526:22,5.0
532,8480800.0,Quinn Hughes,D,1226:20,28.0
533,8470612.0,Ryan Getzlaf,C,1075:33,33.0
534,8470655.0,David Backes,R,198:08,5.0
535,8474584.0,Michael Del Zotto,D,809:42,14.0
536,8474641.0,Adam Henrique,C,992:40,34.0
537,8475164.0,Jakob Silfverberg,R,900:09,30.0
538,8475235.0,Nicolas Deslauriers,L,572:29,13.0
539,8475461.0,Andrew Agozzino,L,150:26,3.0
540,8475625.0,Matt Irwin,D,485:38,3.0
541,8475764.0,Cam Fowler,D,1106:17,21.0
542,8475790.0,Erik Gudbranson,D,876:36,8.0
543,8476312.0,Josh Manson,D,900:37,8.0
544,8476483.0,Rickard Rakell,L,984:22,30.0
545,8476854.0,Hampus Lindholm,D,1022:32,13.0
546,8477043.0,Christian Djoos,D,172:39,2.0
547,8477240.0,Carter Rowney,C,735:52,15.0
548,8477947.0,Sonny Milano,L,652:43,20.0
549,8478046.0,Danton Heinen,L,815:52,20.0
550,8478491.0,Jacob Larsson,D,904:07,11.0
551,8479351.0,Sam Steel,C,876:31,14.0
552,8479368.0,Max Jones,L,770:49,10.0
553,8471392.0,Roman Polak,D,568:40,4.0
554,8470621.0,Corey Perry,R,659:37,14.0
555,8470794.0,Joe Pavelski,C,904:52,19.0
556,8471228.0,Alexander Radulov,R,852:06,24.0
557,8471260.0,Blake Comeau,L,699:43,14.0
558,8471284.0,Andrej Sekera,D,895:22,7.0
559,8471699.0,Andrew Cogliano,C,741:53,14.0
560,8473994.0,Jamie Benn,L,949:37,25.0
561,8475413.0,Justin Dowling,C,279:46,6.0
562,8475730.0,Stephen Johns,D,287:58,5.0
563,8475794.0,Tyler Seguin,C,1095:38,35.0
564,8475906.0,John Klingberg,D,1120:31,15.0
565,8476166.0,Taylor Fedun,D,358:18,9.0
566,8476467.0,Jamie Oleksiak,D,1051:57,10.0
567,8476889.0,Radek Faksa,C,855:48,17.0
568,8476902.0,Esa Lindell,D,1276:26,13.0
569,8477406.0,Mattias Janmark,C,766:04,14.0
570,8477450.0,Jason Dickinson,C,828:32,20.0
571,8478449.0,Roope Hintz,L,747:00,17.0
572,8478495.0,Denis Gurianov,R,709:46,17.0
573,8480036.0,Miro Heiskanen,D,1319:35,28.0
574,8481641.0,Joel Kiviranta,L,115:49,1.0
575,8470604.0,Jeff Carter,C,823:13,22.0
576,8470606.0,Dustin Brown,R,1005:02,30.0
577,8471685.0,Anze Kopitar,C,1145:39,40.0
578,8473453.0,Trevor Lewis,C,616:16,12.0
579,8474563.0,Drew Doughty,D,1380:20,20.0
580,8476924.0,Martin Frk,R,210:06,7.0
581,8476947.0,Nikolai Prokhorkin,L,494:22,11.0
582,8477018.0,Ben Hutton,D,1086:51,16.0
583,8477046.0,Joakim Ryan,D,610:05,5.0
584,8477073.0,Kurtis MacDermid,D,565:30,7.0
585,8477960.0,Adrian Kempe,C,870:34,18.0
586,8478020.0,Michael Amadio,C,778:06,13.0
587,8478455.0,Austin Wagner,L,756:00,11.0
588,8478911.0,Matt Roy,D,1166:16,17.0
589,8479675.0,Trevor Moore,C,457:49,9.0
590,8479998.0,Mikey Anderson,D,100:12,1.0
591,8480014.0,Gabriel Vilardi,C,114:04,5.0
592,8480113.0,Alex Iafallo,L,1050:08,34.0
593,8480336.0,Sean Walker,D,1175:54,19.0
594,8481481.0,Blake Lizotte,C,768:52,17.0
595,8474578.0,Erik Karlsson,D,1060:50,26.0
596,8474774.0,Dalton Prout,D,24:46,0.0
597,8476881.0,Tomas Hertl,C,691:47,27.0
598,8466138.0,Joe Thornton,C,939:20,23.0
599,8470613.0,Brent Burns,D,1411:56,27.0
600,8471709.0,Marc-Edouard Vlasic,D,1206:04,14.0
601,8474053.0,Logan Couture,C,732:25,28.0
602,8475169.0,Evander Kane,L,989:27,27.0
603,8475834.0,Marcus Sorensen,L,801:40,17.0
604,8475841.0,Tim Heed,D,457:20,4.0
605,8475869.0,Brandon Davidson,D,146:46,0.0
606,8476474.0,Stefan Noesen,R,433:12,8.0
607,8477922.0,Melker Karlsson,C,616:09,12.0
608,8478099.0,Kevin Labanc,R,953:20,24.0
609,8478136.0,Jacob Middleton,D,100:05,2.0
610,8478414.0,Timo Meier,R,1013:38,40.0
611,8479393.0,Noah Gregor,C,271:51,3.0
612,8479580.0,Dylan Gambrell,C,516:28,10.0
613,8479983.0,Mario Ferraro,D,904:09,10.0
614,8480160.0,Radim Simek,D,741:41,9.0
615,8480384.0,Alexander True,C,115:51,4.0
616,8480965.0,Antti Suomela,C,187:23,7.0
617,8481516.0,Joel Kellman,C,330:42,6.0
618,8481640.0,Lean Bergmann,C,98:05,1.0
619,8476981.0,Josh Anderson,R,330:01,4.0
620,8481650.0,Jakob Lilja,L,361:37,5.0
621,8471804.0,Nathan Gerbe,C,391:21,10.0
622,8473422.0,Nick Foligno,L,1022:30,26.0
623,8474062.0,Riley Nash,C,686:25,13.0
624,8474679.0,Gustav Nyquist,C,1035:49,32.0
625,8474715.0,Cam Atkinson,R,615:22,18.0
626,8475233.0,David Savard,D,1267:25,9.0
627,8476432.0,Boone Jenner,C,1017:54,19.0
628,8476449.0,Scott Harrington,D,518:57,8.0
629,8476850.0,Ryan Murray,D,460:25,7.0
630,8476870.0,Stefan Matteau,C,108:21,3.0
631,8476913.0,Devin Shore,C,494:19,10.0
632,8477416.0,Oliver Bjorkstrand,R,757:04,30.0
633,8477495.0,Seth Jones,D,1136:11,20.0
634,8477505.0,Alexander Wennberg,C,747:30,17.0
635,8478460.0,Zach Werenski,D,1214:24,27.0
636,8478506.0,Gabriel Carlsson,D,61:34,0.0
637,8478567.0,Dean Kukan,D,497:41,4.0
638,8478831.0,Kevin Stenlund,C,384:51,5.0
639,8478882.0,Vladislav Gavrikov,D,1203:18,18.0
640,8478906.0,Markus Nutivaara,D,576:26,8.0
641,8479369.0,Andrew Peeke,D,299:29,3.0
642,8479400.0,Pierre-Luc Dubois,C,1061:05,39.0
643,8480074.0,Alexandre Texier,C,437:34,12.0
644,8480205.0,Emil Bemstrom,C,611:25,12.0
645,8480762.0,Eric Robinson,L,545:53,12.0
646,8480853.0,Liam Foudy,C,28:26,1.0
647,8469459.0,Mikko Koivu,C,675:23,13.0
648,8470595.0,Eric Staal,C,934:56,33.0
649,8470600.0,Ryan Suter,D,1333:03,30.0
650,8470610.0,Zach Parise,L,933:47,27.0
651,8474716.0,Jared Spurgeon,D,1094:17,19.0
652,8475220.0,Marcus Foligno,L,751:27,25.0
653,8475692.0,Mats Zuccarello,R,874:49,30.0
654,8476437.0,Victor Rask,C,438:51,13.0
655,8476463.0,Jonas Brodin,D,1319:03,25.0
656,8476779.0,Brad Hunt,D,756:30,9.0
657,8476851.0,Alex Galchenyuk,C,627:14,17.0
658,8476856.0,Matt Dumba,D,1292:46,15.0
659,8477366.0,Luke Johnson,C,31:40,0.0
660,8477369.0,Carson Soucy,D,794:44,13.0
661,8477451.0,Ryan Hartman,R,765:05,19.0
662,8477942.0,Kevin Fiala,L,831:22,36.0
663,8477987.0,Ryan Donato,C,613:56,21.0
664,8478413.0,Jordan Greenway,L,869:24,25.0
665,8478493.0,Joel Eriksson Ek,C,846:21,27.0
666,8479316.0,Luke Kunin,C,836:53,28.0
667,8479734.0,Brennan Menell,D,64:26,0.0
668,8479933.0,Gerald Mayhew,C,133:16,2.0
669,8481477.0,Nico Sturm,C,68:22,2.0
670,8473412.0,Bryan Little,C,92:45,5.0
671,8471218.0,Blake Wheeler,R,1093:59,41.0
672,8473618.0,Mathieu Perreault,L,571:22,13.0
673,8473914.0,Mark Letestu,C,66:11,0.0
674,8474579.0,Luca Sbisa,D,701:36,10.0
675,8475179.0,Dmitry Kulikov,D,944:51,10.0
676,8475236.0,Cody Eakin,C,601:32,14.0
677,8475268.0,Gabriel Bourque,L,429:29,6.0
678,8475868.0,Anthony Bitetto,D,658:57,7.0
679,8476331.0,Dylan DeMelo,D,1008:39,8.0
680,8476392.0,Adam Lowry,C,613:00,8.0
681,8476400.0,Logan Shaw,R,233:02,4.0
682,8476406.0,Nicholas Shore,C,488:08,6.0
683,8476460.0,Mark Scheifele,C,1295:46,53.0
684,8476470.0,Nathan Beaulieu,D,556:52,8.0
685,8477359.0,Tucker Poolman,D,943:48,15.0
686,8477429.0,Andrew Copp,C,896:32,22.0
687,8477472.0,Carl Dahlstrom,D,205:24,1.0
688,8477504.0,Josh Morrissey,D,1304:21,19.0
689,8477940.0,Nikolaj Ehlers,L,1076:45,52.0
690,8478398.0,Kyle Connor,L,1188:56,54.0
691,8478424.0,Jansen Harkins,C,305:59,7.0
692,8478458.0,Jack Roslovic,C,964:44,27.0
693,8478891.0,Mason Appleton,C,465:22,7.0
694,8478915.0,Sami Niku,D,265:39,5.0
695,8479339.0,Patrik Laine,R,1100:19,47.0
696,8480145.0,Neal Pionk,D,1388:12,20.0
697,8481019.0,David Gustafsson,C,133:57,1.0
698,8470755.0,Brad Richardson,C,651:41,9.0
699,8471262.0,Carl Soderberg,C,897:05,24.0
700,8471274.0,Alex Goligoski,D,1313:51,21.0
701,8471769.0,Niklas Hjalmarsson,D,433:59,4.0
702,8473546.0,Michael Grabner,L,462:36,10.0
703,8473548.0,Phil Kessel,R,976:46,21.0
704,8474218.0,Jason Demers,D,902:52,10.0
705,8474613.0,Derek Stepan,C,978:28,20.0
706,8475171.0,Oliver Ekman-Larsson,D,1205:45,22.0
707,8475791.0,Taylor Hall,L,1007:45,34.0
708,8476994.0,Vinnie Hinostroza,R,832:53,20.0
709,8477851.0,Jordan Oesterle,D,891:23,11.0
710,8477951.0,Nick Schmaltz,C,929:22,32.0
711,8477989.0,Christian Dvorak,C,957:05,28.0
712,8478432.0,Christian Fischer,R,611:44,9.0
713,8478474.0,Lawson Crouse,L,801:16,24.0
714,8478856.0,Conor Garland,R,819:20,29.0
715,8479343.0,Clayton Keller,R,950:29,29.0
716,8479345.0,Jakob Chychrun,D,1180:14,18.0
717,8480849.0,Barrett Hayton,C,216:41,4.0
718,8480950.0,Ilya Lyubushkin,D,715:08,4.0
719,8475204.0,Brandon Pirri,C,172:53,2.0
720,8468674.0,Deryk Engelland,D,691:45,5.0
721,8471669.0,Paul Stastny,C,973:50,27.0
722,8471817.0,Ryan Reaves,R,702:50,15.0
723,8474157.0,Max Pacioretty,L,1095:41,47.0
724,8474166.0,Alec Martinez,D,940:48,12.0
725,8474207.0,Nick Holden,D,1030:04,12.0
726,8475188.0,Brayden McNabb,D,1197:22,8.0
727,8475191.0,Reilly Smith,R,1000:56,45.0
728,8475750.0,Jon Merrill,D,811:23,6.0
729,8475913.0,Mark Stone,R,973:10,45.0
730,8476393.0,Nick Cousins,C,774:01,20.0
731,8476448.0,William Karlsson,C,944:19,33.0
732,8476539.0,Jonathan Marchessault,C,993:30,35.0
733,8476905.0,Chandler Stephenson,C,808:56,21.0
734,8477220.0,Nate Schmidt,D,1123:21,24.0
735,8477447.0,Shea Theodore,D,1348:20,29.0
736,8477478.0,William Carrier,L,693:21,19.0
737,8477931.0,Tomas Nosek,L,687:08,14.0
738,8477949.0,Alex Tuch,R,535:13,10.0
739,8478462.0,Nicolas Roy,C,302:08,9.0
740,8480727.0,Zach Whitecloud,D,213:02,1.0
